Sushi Girl,Owner
0,0xf212ce21a97dbe30999a4c2b309d278bccbb686a
1,0xf212ce21a97dbe30999a4c2b309d278bccbb686a
2,0xf212ce21a97dbe30999a4c2b309d278bccbb686a
3,0xc99f3b968b7a8c88414c266c4bd199bb1c7eb86c
4,0xf212ce21a97dbe30999a4c2b309d278bccbb686a
5,0xc99f3b968b7a8c88414c266c4bd199bb1c7eb86c
6,0xf212ce21a97dbe30999a4c2b309d278bccbb686a
7,0xf212ce21a97dbe30999a4c2b309d278bccbb686a
8,0xf212ce21a97dbe30999a4c2b309d278bccbb686a
9,0xf212ce21a97dbe30999a4c2b309d278bccbb686a
10,0xf212ce21a97dbe30999a4c2b309d278bccbb686a
11,0xf212ce21a97dbe30999a4c2b309d278bccbb686a
12,0xf212ce21a97dbe30999a4c2b309d278bccbb686a
13,0xf212ce21a97dbe30999a4c2b309d278bccbb686a
14,0xf212ce21a97dbe30999a4c2b309d278bccbb686a
15,0xf212ce21a97dbe30999a4c2b309d278bccbb686a
16,0xf212ce21a97dbe30999a4c2b309d278bccbb686a
17,0xc99f3b968b7a8c88414c266c4bd199bb1c7eb86c
18,0xc99f3b968b7a8c88414c266c4bd199bb1c7eb86c
19,0xc99f3b968b7a8c88414c266c4bd199bb1c7eb86c
20,0xf212ce21a97dbe30999a4c2b309d278bccbb686a
21,0xf212ce21a97dbe30999a4c2b309d278bccbb686a
22,0xf212ce21a97dbe30999a4c2b309d278bccbb686a
23,0xf212ce21a97dbe30999a4c2b309d278bccbb686a
24,0xf212ce21a97dbe30999a4c2b309d278bccbb686a
25,0xf212ce21a97dbe30999a4c2b309d278bccbb686a
26,0xf212ce21a97dbe30999a4c2b309d278bccbb686a
27,0xf212ce21a97dbe30999a4c2b309d278bccbb686a
28,0xf212ce21a97dbe30999a4c2b309d278bccbb686a
29,0xc99f3b968b7a8c88414c266c4bd199bb1c7eb86c
30,0xf212ce21a97dbe30999a4c2b309d278bccbb686a
31,0xf212ce21a97dbe30999a4c2b309d278bccbb686a
32,0xc99f3b968b7a8c88414c266c4bd199bb1c7eb86c